1,0,Journal Publishers, 

IASET is pioneer in the arena of Research Cons..For more info visit...https://t.co/PgyoxDsTRg https://t.co/TuCBkB1GN6
2,0,We went to Coimbatore passport office for renewal at 11am and not only entire process took no time with very cordia… https://t.co/eQgiXUJ4eY
3,0,RT @mahesh10816: #ArrestHinduHaterThirumaMP

Mr.@thirumaofficial is this report true ? Any comments?

என்னுடன் திருமாவளவன் வந்து வாழ வேண்டு…
4,0,RT @IshaLeadership: .@sanjeevsanyal, author of bestsellers like "The Ocean of Churn", Principal Economic Advisor to Government of India, @F…
5,0,RT @vsidharthanTOI: ‘To educate children on sexual abuse, adults need to be informed first’... Shrinithi Mahendran, personal safety and sex…
6,0,Surprise your guests with tempting sweets and amazing plate decorations from Agarwal sweet palace!… https://t.co/dsJuqTiO4G
7,0,Famous Biryani in Coimbatore - Kolandai Kadai Mutton Biriyani

watch this video: https://t.co/uzjEBxxTAE… https://t.co/ZzWRCHMq4C
8,0,The best iPhone application development company in Coimbatore. Develop your dream app with us.

To know more click… https://t.co/PidcJ3iuL4
9,0,Coimbatore Commerce industry thanks government on property tax 
https://t.co/AArWGqaECU
142,1,Mr. Hussain from Palakkad. He owns both Skoda Rapid and Octavia. He Came to SGA Cars Service Center, Coimbatore. He… https://t.co/8aaIhy3K5a
143,1,Ford Ecosport no more fumbling through your bag for your car keys. With Keyless Entry, all you need is your key fob… https://t.co/JOW4bmmQL5
144,1,@SamsungIndia In spite of my complaint automatic reducing of volume and after inspection and after the promise of r… https://t.co/QFaRUNRAPd
145,1,Any special shows in Coimbatore for prince Dhruv 

Unable to find one
146,1,RT @indiatubedesk: IAF which has an air base in Sulur, has decided to set up a ‘weapon storage point’ nearby and plans to construct a paral…
147,1,RT @susantananda3: Tusker pilot clearing way, fallowed by a small elephant family in Coimbatore. This clip shared by colleague Ramesh Pande…
148,1,Current thunderstorm formation ⛈️ over Namakkal Erode and Vela koil expected to move further into ti Tirupur and co… https://t.co/CPOmsOKZMg
149,1,Leading Coaching Center@Coimbatore.
https://t.co/isKAhVxN5a
CA works as a private advisor or in the accounts depart… https://t.co/d5Y69AEVZ9
