1,0,ESCI Indexed journals 

IASET can publish well written articles in  ..For more info visit...https://t.co/aEEoUaEbxk https://t.co/KPjhXcL4lJ
2,0,PhD Research Guidance, 

International Academy of Science, Engineeri..For more info visit...https://t.co/QWltqiTIPW https://t.co/HSEw8z0CEP
3,0,RT @noorainee: How r such long #school days conducive 4 #teaching #learning! Purpose of tests is to assess learning, why special classes to…
4,0,Proofreading and Editing services, 

IASET team, is a professional p..For more info visit...https://t.co/qws5jaTJ50 https://t.co/ShUqi7DTVr
5,0,RT @nvikamsey: We went to Coimbatore passport office for renewal at 11am and not only entire process took no time with very cordial staff b…
6,0,PhD Thesis Writing services, 

International Academy of Science, Eng..For more info visit...https://t.co/96Fi88Ptnd https://t.co/GSbS64bdQh
7,0,Journal Publishers, 

IASET is pioneer in the arena of Research Cons..For more info visit...https://t.co/PgyoxDsTRg https://t.co/TuCBkB1GN6
8,0,We went to Coimbatore passport office for renewal at 11am and not only entire process took no time with very cordia… https://t.co/eQgiXUJ4eY
9,0,RT @mahesh10816: #ArrestHinduHaterThirumaMP

Mr.@thirumaofficial is this report true ? Any comments?

என்னுடன் திருமாவளவன் வந்து வாழ வேண்டு…
10,0,RT @IshaLeadership: .@sanjeevsanyal, author of bestsellers like "The Ocean of Churn", Principal Economic Advisor to Government of India, @F…
11,0,RT @vsidharthanTOI: ‘To educate children on sexual abuse, adults need to be informed first’... Shrinithi Mahendran, personal safety and sex…
12,0,Surprise your guests with tempting sweets and amazing plate decorations from Agarwal sweet palace!… https://t.co/dsJuqTiO4G
13,0,Famous Biryani in Coimbatore - Kolandai Kadai Mutton Biriyani

watch this video: https://t.co/uzjEBxxTAE… https://t.co/ZzWRCHMq4C
14,0,The best iPhone application development company in Coimbatore. Develop your dream app with us.

To know more click… https://t.co/PidcJ3iuL4
15,0,Coimbatore Commerce industry thanks government on property tax 
https://t.co/AArWGqaECU
142,1,Mr. Hussain from Palakkad. He owns both Skoda Rapid and Octavia. He Came to SGA Cars Service Center, Coimbatore. He… https://t.co/8aaIhy3K5a
143,1,Ford Ecosport no more fumbling through your bag for your car keys. With Keyless Entry, all you need is your key fob… https://t.co/JOW4bmmQL5
144,1,@SamsungIndia In spite of my complaint automatic reducing of volume and after inspection and after the promise of r… https://t.co/QFaRUNRAPd
145,1,Any special shows in Coimbatore for prince Dhruv 

Unable to find one
146,1,RT @indiatubedesk: IAF which has an air base in Sulur, has decided to set up a ‘weapon storage point’ nearby and plans to construct a paral…
