1,0,RT @SitDigital: #GoLanguage turns 10 : Its an #openSsource #programming #language designed to help #developers build fast, reliable, and #eâ€¦
2,0,#GoLanguage turns 10 : Its an #openSsource #programming #language designed to help #developers build fast, reliableâ€¦ https://t.co/mjDS4BBrdy
142,1,RT @WildMlz: Game Jolt API for the Go language https://t.co/l0gn706Khc
#gamejolt #golanguage #robertgriesemer #indiedev
143,1,Game Jolt API for the Go language https://t.co/l0gn706Khc
#gamejolt #golanguage #robertgriesemer #indiedev
144,1,RT @ivan_boginski: You know what I mean ðŸ˜‚ðŸ˜­
#cloud #vps #digitalocean #aws #cloudcomputing #virtualprivateservers #ubuntu #debian #fedora #câ€¦
145,1,You know what I mean ðŸ˜‚ðŸ˜­
#cloud #vps #digitalocean #aws #cloudcomputing #virtualprivateservers #ubuntu #debianâ€¦ https://t.co/cIaWPUmMmp
